-- phpMyAdmin SQL Dump
-- version 5.2.0
-- https://www.phpmyadmin.net/
--
-- Host: 127.0.0.1
-- Generation Time: Oct 19, 2022 at 09:47 AM
-- Server version: 10.4.24-MariaDB
-- PHP Version: 7.4.29

SET SQL_MODE = "NO_AUTO_VALUE_ON_ZERO";
START TRANSACTION;
SET time_zone = "+00:00";


/*!40101 SET @OLD_CHARACTER_SET_CLIENT=@@CHARACTER_SET_CLIENT */;
/*!40101 SET @OLD_CHARACTER_SET_RESULTS=@@CHARACTER_SET_RESULTS */;
/*!40101 SET @OLD_COLLATION_CONNECTION=@@COLLATION_CONNECTION */;
/*!40101 SET NAMES utf8mb4 */;

--
-- Database: `sistemrekomendasimakanan`
--

-- --------------------------------------------------------

--
-- Table structure for table `kandungan`
--

CREATE TABLE `kandungan` (
  `id` int(11) NOT NULL,
  `id_makanan` int(11) NOT NULL,
  `id_zatgizi` int(11) NOT NULL
) ENGINE=InnoDB DEFAULT CHARSET=utf8mb4;

--
-- Dumping data for table `kandungan`
--

INSERT INTO `kandungan` (`id`, `id_makanan`, `id_zatgizi`) VALUES
(1, 1, 1),
(2, 2, 2),
(3, 3, 3),
(4, 4, 4),
(5, 5, 5),
(6, 6, 6),
(7, 7, 7),
(8, 8, 8),
(9, 9, 9),
(10, 10, 10),
(11, 11, 11),
(12, 12, 12),
(13, 13, 13),
(14, 14, 14),
(15, 15, 15),
(16, 16, 16),
(17, 17, 17),
(18, 18, 18),
(19, 19, 19),
(20, 20, 20),
(21, 21, 21),
(22, 22, 22),
(23, 23, 23),
(24, 24, 24),
(25, 25, 25),
(26, 26, 26),
(27, 27, 27),
(28, 28, 28),
(29, 29, 29),
(30, 30, 30),
(31, 31, 31),
(32, 32, 32),
(33, 33, 33),
(34, 34, 34),
(35, 35, 35),
(36, 36, 36),
(37, 37, 37),
(38, 38, 38),
(39, 39, 39),
(40, 40, 40),
(41, 41, 41),
(42, 42, 42),
(43, 43, 43),
(44, 44, 44),
(45, 45, 45),
(46, 46, 46),
(47, 47, 47),
(48, 48, 48),
(49, 49, 49),
(50, 50, 50),
(51, 51, 51),
(52, 52, 52),
(53, 53, 53),
(54, 54, 54),
(55, 55, 55),
(56, 56, 56),
(57, 57, 57),
(58, 58, 58),
(59, 59, 59),
(60, 60, 60),
(61, 61, 61),
(62, 62, 62),
(63, 63, 63),
(64, 64, 64),
(65, 65, 65),
(66, 66, 66),
(67, 67, 67),
(68, 68, 68),
(69, 69, 69),
(70, 70, 70),
(71, 71, 71),
(72, 72, 72),
(73, 73, 73),
(74, 74, 74),
(75, 75, 75),
(76, 76, 76),
(77, 77, 77),
(78, 78, 78),
(79, 79, 79),
(80, 80, 80),
(81, 81, 81),
(82, 82, 82),
(83, 83, 83),
(84, 84, 84),
(85, 85, 85),
(86, 86, 86),
(87, 87, 87),
(88, 88, 88),
(89, 89, 89),
(90, 90, 90),
(91, 91, 91),
(92, 92, 92),
(93, 93, 93),
(94, 94, 94),
(95, 95, 95),
(96, 96, 96),
(97, 97, 97),
(98, 98, 98),
(99, 99, 99),
(100, 100, 100),
(101, 101, 101),
(102, 102, 102),
(103, 103, 103),
(104, 104, 104),
(105, 105, 105),
(106, 106, 106),
(107, 107, 107),
(108, 108, 108),
(109, 109, 109),
(110, 110, 110),
(111, 111, 111),
(112, 112, 112),
(113, 113, 113),
(114, 114, 114),
(115, 115, 115),
(116, 116, 116),
(117, 117, 117),
(118, 118, 118),
(119, 119, 119),
(120, 120, 120),
(121, 121, 121),
(122, 122, 122),
(123, 123, 123),
(124, 124, 124),
(125, 125, 125),
(126, 126, 126),
(127, 127, 127),
(128, 128, 128),
(129, 129, 129),
(130, 130, 130),
(131, 131, 131),
(132, 132, 132),
(133, 133, 133),
(134, 134, 134),
(135, 135, 135),
(136, 136, 136),
(137, 137, 137),
(138, 138, 138),
(139, 139, 139),
(140, 140, 140),
(141, 141, 141),
(142, 142, 142),
(143, 143, 143),
(144, 144, 144),
(145, 145, 145),
(146, 146, 146),
(147, 147, 147),
(148, 148, 148),
(149, 149, 149),
(150, 150, 150),
(151, 151, 151),
(152, 152, 152),
(153, 153, 153),
(154, 154, 154),
(155, 155, 155),
(156, 156, 156),
(157, 157, 157),
(158, 158, 158),
(159, 159, 159),
(160, 160, 160),
(161, 161, 161),
(162, 162, 162),
(163, 163, 163),
(164, 164, 164),
(165, 165, 165),
(166, 166, 166),
(167, 167, 167),
(168, 168, 168),
(169, 169, 169),
(170, 170, 170),
(171, 171, 171),
(172, 172, 172),
(173, 173, 173),
(174, 174, 174),
(175, 175, 175),
(176, 176, 176),
(177, 177, 177),
(178, 178, 178);

-- --------------------------------------------------------

--
-- Table structure for table `makanan`
--

CREATE TABLE `makanan` (
  `id_makanan` int(11) NOT NULL,
  `kode_makanan` int(11) DEFAULT NULL,
  `kategori_makanan` int(11) DEFAULT NULL,
  `nama` varchar(255) DEFAULT NULL
) ENGINE=InnoDB DEFAULT CHARSET=utf8mb4;

--
-- Dumping data for table `makanan`
--

INSERT INTO `makanan` (`id_makanan`, `kode_makanan`, `kategori_makanan`, `nama`) VALUES
(1, 1, 1, 'Nasi Putih'),
(2, 2, 1, 'Nasi Liwet'),
(3, 3, 1, 'Nasi Tim'),
(4, 4, 1, 'Nasi Merah'),
(5, 5, 1, 'Nasi Jagung'),
(6, 6, 1, 'Nasi Gurih'),
(7, 7, 1, 'Nasi Rames'),
(8, 8, 1, 'Bubur Nasi'),
(9, 9, 1, 'Kentang Rebus'),
(10, 10, 1, 'Nasi Pecel'),
(11, 11, 1, 'Nasi Kukus'),
(12, 12, 1, 'Singkong Goreng'),
(13, 13, 1, 'Bubur Sagu'),
(14, 14, 1, 'Jelai yang dimasak'),
(15, 15, 1, 'Ubi rebus'),
(16, 16, 1, 'Singkong Rebus'),
(17, 17, 1, 'Bubur Jagung '),
(18, 1, 2, 'Salmon Masak'),
(19, 2, 2, 'Sashimi Salmon'),
(20, 3, 2, 'Salmon Panggang'),
(21, 4, 2, 'Salmon kukus'),
(22, 5, 2, 'Salmon Merah Muda'),
(23, 6, 2, 'Ayam Goreng Dada'),
(24, 7, 2, 'Ayam Goreng Paha'),
(25, 8, 2, 'Ayam Bakar'),
(26, 9, 2, 'Ayam Goreng Sayap'),
(27, 10, 2, 'Daging Ayam Panggang'),
(28, 11, 2, 'Ayam Rebus Dada'),
(29, 12, 2, 'Gulai Ayam'),
(30, 13, 2, 'Putih Telur'),
(31, 14, 2, 'Acar Telur'),
(32, 15, 2, 'Susu Almond'),
(33, 16, 2, 'Telur Bebek'),
(34, 17, 2, 'Susu Tanpa Lemak'),
(35, 18, 2, 'Ayam Rendang'),
(36, 19, 2, 'Mie Ayam'),
(37, 20, 2, 'Telur Ceplok'),
(38, 21, 2, 'Telur Rebus'),
(39, 22, 2, 'Telur Orak Arik'),
(40, 23, 2, 'Kerapu Dimasak'),
(41, 24, 2, 'Telur Dadar'),
(42, 25, 2, 'Telur Panggang'),
(43, 26, 2, 'Tenggiri Dimasak'),
(44, 27, 2, 'Muffin Telur'),
(45, 28, 2, 'Tuna Rebus'),
(46, 29, 2, 'Kuning Telur Matang'),
(47, 30, 2, 'Sup Telur'),
(48, 31, 2, 'Beef Steak'),
(49, 32, 2, 'Beef Stew'),
(50, 33, 2, 'Sapi Panggang'),
(51, 34, 2, 'Sapi Rendang'),
(52, 35, 2, 'Yogurt'),
(53, 36, 2, 'Susu'),
(54, 37, 2, 'Tuna Kukus'),
(55, 38, 2, 'Lele Goreng'),
(56, 39, 2, 'Susu Kedelai'),
(57, 40, 2, 'Kakap Dimasak'),
(58, 41, 2, 'Cakalang Dimasak'),
(59, 42, 2, 'Bandeng Goreng'),
(60, 43, 2, 'Nila Dimasak'),
(61, 44, 2, 'Lele Panggang'),
(62, 45, 2, 'Daging Sapi Panggang'),
(63, 46, 2, 'Pecel Lele'),
(64, 1, 3, 'Kacang Almond'),
(65, 2, 3, 'Tempe Rebus'),
(66, 3, 3, 'Tempe Orek'),
(67, 4, 3, 'Chia seed'),
(68, 5, 3, 'Tempe Mendoan'),
(69, 6, 3, 'Tempe kering'),
(70, 7, 3, 'Ampas Tahu Kering'),
(71, 8, 3, 'Kacang Merah Rebus tanpa garam'),
(72, 9, 3, 'Tahu Goreng'),
(73, 10, 3, 'Tahu kukus'),
(74, 11, 3, 'Tahu Bacem'),
(75, 12, 3, 'Martabak Tahu'),
(76, 13, 3, 'Tahu Gejrot'),
(77, 14, 3, 'Kupat Tahu'),
(78, 15, 3, 'Kacang Tanah'),
(79, 16, 3, 'Kacang Pistacio'),
(80, 17, 3, 'Kacang Arab'),
(81, 18, 3, 'Kacang tanah goreng'),
(82, 19, 3, 'Tumis Kacang Panjang dan Tempe'),
(83, 20, 3, 'Tempe Bacem'),
(84, 21, 3, 'Tempe gembus'),
(85, 22, 3, 'Kacang Tanah Rebus'),
(86, 23, 3, 'Tempe Goreng'),
(87, 24, 3, 'Kacang Merah'),
(88, 25, 3, 'Kacang Sangrai Kering Tanpa Garam'),
(89, 26, 3, 'Quiona'),
(90, 27, 3, 'Kacang Hijau Dimasak'),
(91, 28, 3, 'Kacang Almond Panggang Kering Tanpa tambahan garam'),
(92, 29, 3, 'Kacang Kedelai'),
(93, 30, 3, 'Kacang Mete'),
(94, 31, 3, 'Tempe Kukus'),
(95, 32, 3, 'Tahu Bakso'),
(96, 33, 3, 'Kacang Mete Sangrai Tawar'),
(97, 1, 4, 'Sayur Bening Bayam'),
(98, 2, 4, 'Bayam Kukus'),
(99, 3, 4, 'Bayam Rebus'),
(100, 4, 4, 'Kubis Hijau'),
(101, 5, 4, 'Kangkung rebus'),
(102, 6, 4, 'Kangkung kukus'),
(103, 7, 4, 'Selada Kol'),
(104, 8, 4, 'Ubi Jalar Manis'),
(105, 9, 4, 'Brokoli Matang'),
(106, 10, 4, 'Daun Singkong Rebus'),
(107, 11, 4, 'Kacang Panjang kukus'),
(108, 12, 4, 'Kacang Panjang Rebus'),
(109, 13, 4, 'Sup Kubis'),
(110, 14, 4, 'Paprika Merah manis'),
(111, 15, 4, 'Paprika Kuning manis'),
(112, 16, 4, 'Wortel'),
(113, 17, 4, 'Wortel Rebus'),
(114, 18, 4, 'Wortel Kukus'),
(115, 19, 4, 'Jus Wortel'),
(116, 20, 4, 'Seledri'),
(117, 21, 4, 'Kale'),
(118, 22, 4, 'Labu Siam'),
(119, 23, 4, 'Labu Kuning'),
(120, 24, 4, 'Kubis Merah'),
(121, 25, 4, 'Buncis Rebus'),
(122, 26, 4, 'Ubi Jalar Rebus tanpa kulit'),
(123, 27, 4, 'Sayur Asem'),
(124, 28, 4, 'Bit'),
(125, 29, 4, 'Sawi Hijau'),
(126, 30, 4, 'Kembang Kol'),
(127, 31, 4, 'Salad Sayuran Hijau Campur'),
(128, 1, 5, 'Apel'),
(129, 2, 5, 'Jus Apel'),
(130, 3, 5, 'Jeruk'),
(131, 4, 5, 'Jus Jeruk Peras'),
(132, 5, 5, 'Jus Jeruk Nipis'),
(133, 6, 5, 'Jeruk Nipis'),
(134, 7, 5, 'Lemon'),
(135, 8, 5, 'Pisang'),
(136, 9, 5, 'Tomat'),
(137, 10, 5, 'Strawberry'),
(138, 11, 5, 'Jus Strawberry'),
(139, 12, 5, 'Blueberi'),
(140, 13, 5, 'Blackberi'),
(141, 14, 5, 'Rasberi Merah'),
(142, 15, 5, 'Cranberi'),
(143, 16, 5, 'Jus Cranberi'),
(144, 17, 5, 'Jus Alpukat'),
(145, 18, 5, 'Semangka'),
(146, 19, 5, 'Kiwi'),
(147, 20, 5, 'Delima'),
(148, 21, 5, 'Mangga'),
(149, 22, 5, 'Jus Mangga'),
(150, 23, 5, 'Sawo'),
(151, 24, 5, 'Anggur'),
(152, 25, 5, 'Jus Anggur'),
(153, 26, 5, 'Pir'),
(154, 27, 5, 'Nanas'),
(155, 28, 5, 'Jus Nanas'),
(156, 29, 5, 'Durian'),
(157, 30, 5, 'Sirsak'),
(158, 31, 5, 'Pepaya'),
(159, 32, 5, 'Persik'),
(160, 33, 5, 'Buah Naga'),
(161, 34, 5, 'Melon'),
(162, 35, 5, 'Salak'),
(163, 36, 5, 'Jambu Biji'),
(164, 37, 5, 'Jambu Kristal'),
(165, 38, 5, 'Jambu Air'),
(166, 39, 5, 'Lengkeng'),
(167, 40, 5, 'Rambutan'),
(168, 41, 5, 'Duku'),
(169, 42, 5, 'Belimbing'),
(170, 43, 5, 'Kurma'),
(171, 44, 5, 'Buah Srikaya'),
(172, 45, 5, 'Markisa'),
(173, 46, 5, 'Manggis'),
(174, 47, 5, 'Nangka'),
(175, 48, 5, 'Blewah'),
(176, 49, 5, 'Leci'),
(177, 50, 5, 'Alpukat'),
(178, 51, 5, 'Kelapa');

-- --------------------------------------------------------

--
-- Table structure for table `zatgizi`
--

CREATE TABLE `zatgizi` (
  `id_zatgizi` int(11) NOT NULL,
  `karbohidrat` float NOT NULL,
  `protein` float NOT NULL,
  `lemak` float NOT NULL,
  `natrium` float NOT NULL,
  `kalori` float NOT NULL,
  `kalium` float NOT NULL
) ENGINE=InnoDB DEFAULT CHARSET=utf8mb4;

--
-- Dumping data for table `zatgizi`
--

INSERT INTO `zatgizi` (`id_zatgizi`, `karbohidrat`, `protein`, `lemak`, `natrium`, `kalori`, `kalium`) VALUES
(1, 41.85, 3.99, 0.42, 547.5, 193.5, 52.5),
(2, 38.91, 4.11, 4.08, 342, 207, 169.5),
(3, 24.72, 20.475, 8.145, 336, 259.5, 277.5),
(4, 34.17, 3.84, 1.335, 451.5, 165, 64.5),
(5, 39.21, 4.005, 5.985, 604.5, 225, 112.5),
(6, 39, 7.05, 11.25, 444, 285, 78),
(7, 28.65, 15.45, 6.3, 397.5, 232.5, 0),
(8, 22.89, 2.25, 0.81, 189, 108, 81),
(9, 30.195, 2.805, 0.15, 6, 130.5, 568.5),
(10, 47.61, 9.87, 13.995, 12, 345, 303),
(11, 42, 4.005, 0.42, 352.5, 193.5, 52.5),
(12, 47.775, 2.07, 11.865, 421.5, 303, 325.5),
(13, 49.5, 0.3, 6, 10.5, 250.5, 0),
(14, 42.14, 3.38, 0.66, 280.5, 183, 139.5),
(15, 26.58, 2.06, 0.21, 408, 114, 343.5),
(16, 52.14, 1.86, 0.39, 19.5, 219, 370.5),
(17, 14.33, 1.59, 0.21, 196.5, 67.5, 24),
(18, 0, 18.76, 3.44, 46.4, 111.2, 347.2),
(19, 0, 17.3, 4.74, 36.8, 116.8, 338.4),
(20, 0.39, 19.18, 6.05, 373.6, 136.8, 316),
(21, 0, 19.94, 3.45, 60, 116, 274.4),
(22, 0, 15.95, 2.76, 53.6, 92.8, 258.4),
(23, 7.58, 19.58, 10.62, 226.4, 208.8, 171.2),
(24, 7.89, 16.87, 13.24, 244.8, 222.4, 156),
(25, 0, 22.95, 5.88, 327.2, 150.4, 192.8),
(26, 8.83, 16.09, 17.44, 259.2, 260.8, 119.2),
(27, 0, 16.26, 2.16, 60, 88.8, 190.4),
(28, 0, 22.99, 2.4, 308, 120, 148.8),
(29, 2.66, 9.55, 9.92, 138.4, 134.4, 185.6),
(30, 0.58, 8.72, 0.14, 132.8, 41.6, 130.4),
(31, 0.9, 10.02, 8.46, 222.4, 123.2, 100.8),
(32, 0.46, 0.5, 1.17, 1.6, 13.6, 16.8),
(33, 1.16, 10.25, 11.02, 116.8, 148, 177.6),
(34, 3.88, 2.73, 0.14, 41.6, 28, 132.8),
(35, 3.33, 15.12, 11.81, 162.4, 180, 208.8),
(36, 15.4, 5.57, 6.25, 12, 140, 48),
(37, 0.7, 10.9, 12.25, 163.2, 160.8, 117.6),
(38, 0.9, 10.02, 8.46, 222.4, 123.2, 100.8),
(39, 1.66, 11.07, 12.94, 179.2, 169.6, 117.6),
(40, 0, 19.87, 1.04, 42.4, 94.4, 380),
(41, 0.55, 8.5, 9.62, 128.8, 122.4, 91.2),
(42, 0.77, 10.2, 14.04, 288.8, 172.8, 109.6),
(43, 0.33, 18.05, 11.03, 331.2, 177.6, 367.2),
(44, 19.87, 5.35, 3.35, 295.2, 132.8, 72.8),
(45, 0.33, 21.84, 3.17, 292.8, 122.4, 419.2),
(46, 2.86, 12.64, 21.14, 161.6, 256.8, 87.2),
(47, 1.86, 2.44, 1.78, 284, 34.4, 75.2),
(48, 0, 21.83, 12.01, 298.4, 201.6, 244),
(49, 5.45, 5.91, 3.25, 162.4, 75.2, 199.2),
(50, 0, 20.73, 13.86, 173.6, 213.6, 233.6),
(51, 3.59, 15.74, 8.86, 147.2, 156, 298.4),
(52, 14.91, 3.18, 0.92, 42.4, 79.2, 141.6),
(53, 3.77, 2.63, 1.6, 32.8, 40, 118.4),
(54, 0, 23.68, 0.96, 33.6, 109.6, 382.4),
(55, 0, 14.78, 2.28, 40, 84, 335.2),
(56, 3.94, 3.58, 1.54, 44, 41.6, 99.2),
(57, 0, 21.04, 1.38, 45.6, 102.4, 417.6),
(58, 0, 22.57, 1.03, 37.6, 105.6, 417.6),
(59, 1.9, 14.46, 13.12, 172, 186.4, 206.4),
(60, 0, 20.92, 2.12, 44.8, 102.4, 44.8),
(61, 0.33, 14.53, 9.37, 308, 147.2, 283.2),
(62, 0, 20.73, 13.86, 173.6, 213.6, 233.6),
(63, 6.34, 12.3, 9.18, 38.4, 155.2, 280.8),
(64, 9.87, 10.63, 25.32, 0.5, 289, 364),
(65, 4.68, 9.1, 5.69, 7, 98, 200.5),
(66, 7.8, 6.56, 4.1, 104.5, 87.5, 190),
(67, 21.83, 7.81, 15.38, 9.5, 245, 80),
(68, 6.35, 5.59, 6.39, 116.5, 100, 132.5),
(69, 13.47, 6.8, 6.47, 110.5, 129.5, 216),
(70, 20.65, 13.3, 9.15, 22.5, 207, 527.85),
(71, 11.4, 4.34, 0.25, 0.5, 63.5, 202.5),
(72, 5.25, 8.6, 10.09, 8, 135.5, 73),
(73, 0.97, 3.99, 2.17, 31.5, 39, 74.5),
(74, 2.19, 3.81, 2.93, 138.5, 47.5, 67.5),
(75, 9.88, 4.17, 2.8, 53, 81.5, 116.5),
(76, 0.91, 3.03, 4.02, 83.5, 49, 57),
(77, 12.53, 2.25, 2.18, 122, 78.5, 50.5),
(78, 8.07, 12.9, 24.62, 9, 283.5, 352.5),
(79, 13.99, 10.31, 22.22, 0.5, 278.5, 512.5),
(80, 30.33, 9.65, 3.02, 12, 182, 437.5),
(81, 12.75, 12.75, 22.2, 0, 282, 0),
(82, 4.78, 4.49, 4.27, 147.5, 70, 155),
(83, 4.47, 7.46, 6.2, 137, 97.5, 168.5),
(84, 6.06, 1.73, 0.1, 4, 32.5, 6.5),
(85, 4, 5.3, 9, 18, 110, 268.1),
(86, 5.97, 6.66, 7.61, 138.5, 112.5, 157.5),
(87, 30.65, 11.27, 0.53, 6, 168.5, 679.5),
(88, 10.76, 11.84, 24.83, 3, 292.5, 329),
(89, 34.45, 6.55, 2.9, 10.5, 187, 370),
(90, 7.58, 2.59, 1.23, 123, 50.5, 131),
(91, 9.65, 11.05, 26.42, 0.5, 298.5, 373),
(92, 16.78, 17.61, 12.7, 81.5, 235.5, 735),
(93, 15.08, 8.42, 23.89, 154, 290.5, 316),
(94, 5.27, 2.04, 1.02, 2.5, 37.5, 38),
(95, 8.9, 4.92, 5.05, 157.5, 96, 84),
(96, 14.94, 8.42, 23.89, 6.5, 290, 316),
(97, 19.1, 4.48, 0.93, 405, 90, 727.5),
(98, 14.5, 3.25, 1.75, 37.5, 75, 1077.5),
(99, 9.25, 3, 1.5, 40, 57.5, 771),
(100, 13.95, 3.6, 0.3, 45, 60, 615),
(101, 7.75, 6.25, 1.5, 77.5, 55, 245),
(102, 11.75, 8, 1.75, 112.5, 75, 462.25),
(103, 31.03, 3.23, 6.53, 57.5, 172.5, 452.5),
(104, 50.3, 3.93, 0.13, 137.5, 215, 842.5),
(105, 4.75, 8, 0.5, 37.5, 58, 745),
(106, 12, 9.25, 1.5, 32.5, 77.5, 35),
(107, 19, 7.5, 1.5, 70, 97.5, 497.5),
(108, 14.5, 5.75, 1, 60, 75, 286.25),
(109, 7.85, 4, 3.33, 322.5, 72.5, 407.5),
(110, 15.08, 2.48, 0.75, 5, 65, 527.5),
(111, 15.8, 2.5, 0.53, 5, 67.5, 530),
(112, 23.95, 2.33, 0.6, 172.5, 102.5, 800),
(113, 15.75, 1.75, 1.25, 102.5, 70, 293.25),
(114, 20.75, 2.5, 1.5, 107.5, 92.5, 306.25),
(115, 23.23, 2.38, 0.38, 72.5, 100, 730),
(116, 7.43, 1.73, 0.43, 200, 35, 650),
(117, 25.03, 8.25, 1.75, 107.5, 125, 1117.5),
(118, 9.75, 2.05, 0.33, 5, 42.5, 312.5),
(119, 13.85, 3.2, 0.5, 15, 62.5, 632.5),
(120, 18.43, 3.58, 0.4, 67.5, 77.5, 607.5),
(121, 16, 5.5, 0.5, 17.5, 75, 347.25),
(122, 44.3, 3.43, 0.35, 67.5, 75, 575),
(123, 13.45, 3.3, 2.88, 320, 82.5, 272.5),
(124, 23.9, 4.03, 0.43, 195, 107.5, 812.5),
(125, 5.45, 3.75, 0.5, 162.5, 32.5, 630),
(126, 13.25, 4.95, 0.25, 75, 62.5, 757.5),
(127, 8, 3.8, 0.6, 72.5, 42.5, 727.5),
(128, 20.72, 0.39, 0.26, 1.5, 78, 160.5),
(129, 17.52, 0.09, 0.17, 4.5, 70.5, 178.5),
(130, 17.63, 1.41, 0.18, 0, 70.5, 271.5),
(131, 15.6, 1.05, 0.3, 1.5, 67.5, 300),
(132, 12.95, 0.57, 0, 1.5, 37.5, 186),
(133, 15.81, 1.05, 0.3, 3, 45, 153),
(134, 13.98, 1.65, 0.45, 3, 43.5, 207),
(135, 34.26, 1.64, 0.5, 1.5, 133.5, 537),
(136, 5.88, 1.32, 0.3, 7.5, 27, 355.5),
(137, 11.52, 1.01, 0.45, 1.5, 48, 229.5),
(138, 11.7, 0.45, 0.9, 1.5, 57, 202.5),
(139, 21.74, 1.11, 0.5, 1.5, 85.5, 115.5),
(140, 14.42, 2.09, 0.74, 1.5, 64.5, 243),
(141, 17.91, 1.8, 0.98, 1.5, 78, 226.5),
(142, 18.3, 0.59, 0.2, 3, 69, 127.5),
(143, 20.28, 0, 0.15, 3, 81, 21),
(144, 19.32, 2.85, 13.22, 27, 195, 450),
(145, 11.33, 0.92, 0.23, 1.5, 45, 168),
(146, 21.99, 1.71, 0.78, 4.5, 91.5, 468),
(147, 25.76, 1.43, 0.45, 4.5, 102, 388.5),
(148, 25.5, 0.77, 0.41, 3, 97.5, 234),
(149, 19.29, 0.92, 0.83, 12, 81, 130.5),
(150, 29.94, 0.66, 1.65, 18, 124.5, 289.5),
(151, 27.15, 1.08, 0.24, 3, 103.5, 286.5),
(152, 22.44, 0.84, 0.12, 4.5, 91.5, 198),
(153, 23.19, 0.57, 0.18, 1.5, 87, 178.5),
(154, 18.95, 0.81, 0.18, 1.5, 72, 172.5),
(155, 19.31, 0.54, 0.18, 3, 79.5, 195),
(156, 40.64, 2.21, 8, 3, 220.5, 654),
(157, 25.26, 1.5, 0.45, 21, 99, 417),
(158, 14.72, 0.92, 0.21, 4.5, 58.5, 385.5),
(159, 14.31, 1.37, 0.38, 0, 58.5, 285),
(160, 18.57, 1.17, 0.57, 3, 76.5, 288),
(161, 12.24, 1.26, 0.29, 24, 51, 400.5),
(162, 30.38, 0.59, 0.26, 3, 117, 162),
(163, 21.48, 3.83, 1.43, 3, 102, 625.5),
(164, 18.11, 1.29, 0.56, 1.5, 73.5, 270),
(165, 17.49, 0.75, 0.41, 0, 69, 189),
(166, 22.71, 1.97, 0.15, 0, 90, 399),
(167, 29.82, 0.93, 0.3, 15, 117, 60),
(168, 25.59, 1.28, 0.65, 1.5, 102, 279),
(169, 10.1, 1.56, 0.5, 3, 46.5, 199.5),
(170, 112.55, 3.68, 0.59, 3, 423, 984),
(171, 35.46, 3.09, 0.44, 13.5, 141, 370.5),
(172, 35.07, 3.3, 1.05, 42, 145.5, 522),
(173, 26.87, 0.62, 0.87, 10.5, 109.5, 72),
(174, 36.02, 2.21, 0.45, 4.5, 141, 454.5),
(175, 12.24, 1.26, 0.29, 24, 51, 400.5),
(176, 24.8, 1.25, 0.66, 1.5, 99, 256.5),
(177, 12.8, 3, 21.99, 10.5, 240, 727.5),
(178, 22.85, 5, 50.24, 30, 531, 534);

--
-- Indexes for dumped tables
--

--
-- Indexes for table `kandungan`
--
ALTER TABLE `kandungan`
  ADD PRIMARY KEY (`id`),
  ADD KEY `fkid_makanan` (`id_makanan`),
  ADD KEY `fkid_zatgizi` (`id_zatgizi`);

--
-- Indexes for table `makanan`
--
ALTER TABLE `makanan`
  ADD PRIMARY KEY (`id_makanan`);

--
-- Indexes for table `zatgizi`
--
ALTER TABLE `zatgizi`
  ADD PRIMARY KEY (`id_zatgizi`);

--
-- AUTO_INCREMENT for dumped tables
--

--
-- AUTO_INCREMENT for table `kandungan`
--
ALTER TABLE `kandungan`
  MODIFY `id` int(11) NOT NULL AUTO_INCREMENT, AUTO_INCREMENT=191;

--
-- AUTO_INCREMENT for table `makanan`
--
ALTER TABLE `makanan`
  MODIFY `id_makanan` int(11) NOT NULL AUTO_INCREMENT, AUTO_INCREMENT=191;

--
-- AUTO_INCREMENT for table `zatgizi`
--
ALTER TABLE `zatgizi`
  MODIFY `id_zatgizi` int(11) NOT NULL AUTO_INCREMENT, AUTO_INCREMENT=191;

--
-- Constraints for dumped tables
--

--
-- Constraints for table `kandungan`
--
ALTER TABLE `kandungan`
  ADD CONSTRAINT `fkid_makanan` FOREIGN KEY (`id_makanan`) REFERENCES `makanan` (`id_makanan`),
  ADD CONSTRAINT `fkid_zatgizi` FOREIGN KEY (`id_zatgizi`) REFERENCES `zatgizi` (`id_zatgizi`);
COMMIT;

/*!40101 SET CHARACTER_SET_CLIENT=@OLD_CHARACTER_SET_CLIENT */;
/*!40101 SET CHARACTER_SET_RESULTS=@OLD_CHARACTER_SET_RESULTS */;
/*!40101 SET COLLATION_CONNECTION=@OLD_COLLATION_CONNECTION */;
